[
 {
  "_liked_by": "[\"Administrator\"]",
  "allow_in_quick_entry": 0,
  "allow_on_submit": 1,
  "bold": 0,
  "collapsible": 0,
  "collapsible_depends_on": null,
  "columns": 0,
  "default": null,
  "depends_on": null,
  "description": null,
  "docstatus": 0,
  "doctype": "Custom Field",
  "dt": "Sales Invoice",
  "fetch_from": null,
  "fetch_if_empty": 0,
  "fieldname": "category",
  "fieldtype": "Link",
  "hidden": 0,
  "hide_border": 0,
  "hide_days": 0,
  "hide_seconds": 0,
  "ignore_user_permissions": 0,
  "ignore_xss_filter": 0,
  "in_global_search": 0,
  "in_list_view": 0,
  "in_preview": 0,
  "in_standard_filter": 0,
  "insert_after": "customer_name",
  "is_system_generated": 0,
  "is_virtual": 0,
  "label": "Category",
  "length": 0,
  "mandatory_depends_on": null,
  "modified": "2023-03-03 15:39:26.112834",
  "module": null,
  "name": "Sales Invoice-category",
  "no_copy": 0,
  "non_negative": 0,
  "options": "Category",
  "permlevel": 0,
  "precision": "",
  "print_hide": 0,
  "print_hide_if_no_value": 0,
  "print_width": null,
  "read_only": 0,
  "read_only_depends_on": null,
  "report_hide": 0,
  "reqd": 0,
  "search_index": 0,
  "translatable": 0,
  "unique": 0,
  "width": null
 },
 {
  "_liked_by": "[\"Administrator\"]",
  "allow_in_quick_entry": 0,
  "allow_on_submit": 0,
  "bold": 0,
  "collapsible": 0,
  "collapsible_depends_on": null,
  "columns": 0,
  "default": null,
  "depends_on": null,
  "description": null,
  "docstatus": 0,
  "doctype": "Custom Field",
  "dt": "Delivery Note",
  "fetch_from": null,
  "fetch_if_empty": 0,
  "fieldname": "category",
  "fieldtype": "Link",
  "hidden": 0,
  "hide_border": 0,
  "hide_days": 0,
  "hide_seconds": 0,
  "ignore_user_permissions": 0,
  "ignore_xss_filter": 0,
  "in_global_search": 0,
  "in_list_view": 0,
  "in_preview": 0,
  "in_standard_filter": 0,
  "insert_after": "customer_name",
  "is_system_generated": 0,
  "is_virtual": 0,
  "label": "Category",
  "length": 0,
  "mandatory_depends_on": null,
  "modified": "2023-03-04 16:15:52.638345",
  "module": null,
  "name": "Delivery Note-category",
  "no_copy": 0,
  "non_negative": 0,
  "options": "Category",
  "permlevel": 0,
  "precision": "",
  "print_hide": 0,
  "print_hide_if_no_value": 0,
  "print_width": null,
  "read_only": 0,
  "read_only_depends_on": null,
  "report_hide": 0,
  "reqd": 0,
  "search_index": 0,
  "translatable": 0,
  "unique": 0,
  "width": null
 },
 {
  "_liked_by": "[\"Administrator\"]",
  "allow_in_quick_entry": 0,
  "allow_on_submit": 0,
  "bold": 0,
  "collapsible": 0,
  "collapsible_depends_on": null,
  "columns": 0,
  "default": null,
  "depends_on": null,
  "description": null,
  "docstatus": 0,
  "doctype": "Custom Field",
  "dt": "Customer",
  "fetch_from": null,
  "fetch_if_empty": 0,
  "fieldname": "customer_amount_allocation",
  "fieldtype": "Float",
  "hidden": 0,
  "hide_border": 0,
  "hide_days": 0,
  "hide_seconds": 0,
  "ignore_user_permissions": 0,
  "ignore_xss_filter": 0,
  "in_global_search": 0,
  "in_list_view": 0,
  "in_preview": 0,
  "in_standard_filter": 0,
  "insert_after": "customer_group",
  "is_system_generated": 0,
  "is_virtual": 0,
  "label": "Customer Amount Allocation",
  "length": 0,
  "mandatory_depends_on": null,
  "modified": "2023-02-28 19:16:43.842146",
  "module": null,
  "name": "Customer-customer_amount_allocation",
  "no_copy": 0,
  "non_negative": 0,
  "options": null,
  "permlevel": 0,
  "precision": "",
  "print_hide": 0,
  "print_hide_if_no_value": 0,
  "print_width": null,
  "read_only": 0,
  "read_only_depends_on": null,
  "report_hide": 0,
  "reqd": 0,
  "search_index": 0,
  "translatable": 0,
  "unique": 0,
  "width": null
 },
 {
  "_liked_by": "[\"Administrator\"]",
  "allow_in_quick_entry": 0,
  "allow_on_submit": 1,
  "bold": 0,
  "collapsible": 0,
  "collapsible_depends_on": null,
  "columns": 0,
  "default": null,
  "depends_on": null,
  "description": null,
  "docstatus": 0,
  "doctype": "Custom Field",
  "dt": "Sales Order",
  "fetch_from": null,
  "fetch_if_empty": 0,
  "fieldname": "category",
  "fieldtype": "Link",
  "hidden": 0,
  "hide_border": 0,
  "hide_days": 0,
  "hide_seconds": 0,
  "ignore_user_permissions": 0,
  "ignore_xss_filter": 0,
  "in_global_search": 0,
  "in_list_view": 0,
  "in_preview": 0,
  "in_standard_filter": 0,
  "insert_after": "order_type",
  "is_system_generated": 0,
  "is_virtual": 0,
  "label": "Category",
  "length": 0,
  "mandatory_depends_on": null,
  "modified": "2023-03-03 15:36:49.340381",
  "module": null,
  "name": "Sales Order-category",
  "no_copy": 0,
  "non_negative": 0,
  "options": "Category",
  "permlevel": 0,
  "precision": "",
  "print_hide": 0,
  "print_hide_if_no_value": 0,
  "print_width": null,
  "read_only": 0,
  "read_only_depends_on": null,
  "report_hide": 0,
  "reqd": 0,
  "search_index": 0,
  "translatable": 0,
  "unique": 0,
  "width": null
 },
 {
  "_liked_by": "[\"Administrator\"]",
  "allow_in_quick_entry": 0,
  "allow_on_submit": 0,
  "bold": 0,
  "collapsible": 0,
  "collapsible_depends_on": null,
  "columns": 0,
  "default": null,
  "depends_on": null,
  "description": null,
  "docstatus": 0,
  "doctype": "Custom Field",
  "dt": "Customer",
  "fetch_from": null,
  "fetch_if_empty": 0,
  "fieldname": "custom_credit_limit",
  "fieldtype": "Table",
  "hidden": 0,
  "hide_border": 0,
  "hide_days": 0,
  "hide_seconds": 0,
  "ignore_user_permissions": 0,
  "ignore_xss_filter": 0,
  "in_global_search": 0,
  "in_list_view": 0,
  "in_preview": 0,
  "in_standard_filter": 0,
  "insert_after": "credit_limits",
  "is_system_generated": 0,
  "is_virtual": 0,
  "label": "Custom Credit Limit",
  "length": 0,
  "mandatory_depends_on": null,
  "modified": "2023-03-04 13:02:01.985803",
  "module": null,
  "name": "Customer-custom_credit_limit",
  "no_copy": 0,
  "non_negative": 0,
  "options": "Customer Credit Limit Custom",
  "permlevel": 0,
  "precision": "",
  "print_hide": 0,
  "print_hide_if_no_value": 0,
  "print_width": null,
  "read_only": 0,
  "read_only_depends_on": null,
  "report_hide": 0,
  "reqd": 0,
  "search_index": 0,
  "translatable": 0,
  "unique": 0,
  "width": null
 }
]